{"blt7aaccc7c727a2b67":{"uid":"blt7aaccc7c727a2b67","content_type":"image/png","file_size":"24330","tags":[],"filename":"submarine.png","url":"https://images.contentstack.io/v3/assets/blt00d4a884f845b5b2/blt7aaccc7c727a2b67/5d720648c249f709393c2584/submarine.png","ACL":{"roles":[],"others":{"read":false,"create":false,"update":false,"delete":false,"sub_acl":{"read":false,"create":false,"update":false,"delete":false,"publish":false}}},"is_dir":false,"_version":1,"title":"submarine.png","publish_details":[{"environment":"blt3956f3c06bf32b81","locale":"en-us","time":"2019-09-06T07:14:53.776Z","user":"blt0db8e08223d18c81","version":1}]},"blt9e865af450b8be9c":{"uid":"blt9e865af450b8be9c","content_type":"image/png","file_size":"25859","tags":[],"filename":"game.png","url":"https://images.contentstack.io/v3/assets/blt00d4a884f845b5b2/blt9e865af450b8be9c/5d7205ed9f97273e54145c4d/game.png","ACL":{"roles":[],"others":{"read":false,"create":false,"update":false,"delete":false,"sub_acl":{"read":false,"create":false,"update":false,"delete":false,"publish":false}}},"is_dir":false,"_version":1,"title":"game.png","publish_details":[{"environment":"blt3956f3c06bf32b81","locale":"en-us","time":"2019-09-06T07:14:53.776Z","user":"blt0db8e08223d18c81","version":1}]},"blt0fce0fc3ea298221":{"uid":"blt0fce0fc3ea298221","content_type":"image/png","file_size":"19240","tags":[],"filename":"safe.png","url":"https://images.contentstack.io/v3/assets/blt00d4a884f845b5b2/blt0fce0fc3ea298221/5d7206279f97273e54145c55/safe.png","ACL":{"roles":[],"others":{"read":false,"create":false,"update":false,"delete":false,"sub_acl":{"read":false,"create":false,"update":false,"delete":false,"publish":false}}},"is_dir":false,"_version":1,"title":"safe.png","publish_details":[{"environment":"blt3956f3c06bf32b81","locale":"en-us","time":"2019-09-06T07:14:53.776Z","user":"blt0db8e08223d18c81","version":1}]},"bltdefec179aaa7224b":{"uid":"bltdefec179aaa7224b","content_type":"image/png","file_size":"27947","tags":[],"filename":"circus.png","url":"https://images.contentstack.io/v3/assets/blt00d4a884f845b5b2/bltdefec179aaa7224b/5d7205c7288b0130788333c7/circus.png","ACL":{"roles":[],"others":{"read":false,"create":false,"update":false,"delete":false,"sub_acl":{"read":false,"create":false,"update":false,"delete":false,"publish":false}}},"is_dir":false,"_version":1,"title":"circus.png","publish_details":[{"environment":"blt3956f3c06bf32b81","locale":"en-us","time":"2019-09-06T07:14:53.776Z","user":"blt0db8e08223d18c81","version":1}]},"bltc544de7cc5490dba":{"uid":"bltc544de7cc5490dba","content_type":"image/png","file_size":"9117","tags":[],"filename":"cake.png","url":"https://images.contentstack.io/v3/assets/blt00d4a884f845b5b2/bltc544de7cc5490dba/5d720593368f3f093e92c3f6/cake.png","ACL":{"roles":[],"others":{"read":false,"create":false,"update":false,"delete":false,"sub_acl":{"read":false,"create":false,"update":false,"delete":false,"publish":false}}},"is_dir":false,"_version":1,"title":"cake.png","publish_details":[{"environment":"blt3956f3c06bf32b81","locale":"en-us","time":"2019-09-06T07:14:53.776Z","user":"blt0db8e08223d18c81","version":1}]},"bltdbe1e3c2277e9e21":{"uid":"bltdbe1e3c2277e9e21","content_type":"image/png","file_size":"10247","tags":[],"filename":"profile.png","url":"https://images.contentstack.io/v3/assets/blt00d4a884f845b5b2/bltdbe1e3c2277e9e21/5d720461c249f709393c257e/profile.png","ACL":{"roles":[],"others":{"read":false,"create":false,"update":false,"delete":false,"sub_acl":{"read":false,"create":false,"update":false,"delete":false,"publish":false}}},"is_dir":false,"_version":1,"title":"profile.png","publish_details":[{"environment":"blt3956f3c06bf32b81","locale":"en-us","time":"2019-09-06T07:14:53.776Z","user":"blt0db8e08223d18c81","version":1}]},"bltea0cd656e20ce0b1":{"uid":"bltea0cd656e20ce0b1","content_type":"image/png","file_size":"36477","tags":[],"filename":"cabin.png","url":"https://images.contentstack.io/v3/assets/blt00d4a884f845b5b2/bltea0cd656e20ce0b1/5d7205499901373e4fb4fb41/cabin.png","ACL":{"roles":[],"others":{"read":false,"create":false,"update":false,"delete":false,"sub_acl":{"read":false,"create":false,"update":false,"delete":false,"publish":false}}},"is_dir":false,"_version":1,"title":"cabin.png","publish_details":[{"environment":"blt3956f3c06bf32b81","locale":"en-us","time":"2019-09-06T07:14:53.776Z","user":"blt0db8e08223d18c81","version":1}]}}