{
	"title": "Footer",
	"uid": "footer",
	"inbuilt_class": false,
	"schema": [{
		"display_name": "Title",
		"uid": "title",
		"data_type": "text",
		"mandatory": true,
		"unique": true,
		"field_metadata": {
			"_default": true
		},
		"multiple": false
	}, {
		"data_type": "group",
		"display_name": "Location",
		"field_metadata": {},
		"schema": [{
			"data_type": "text",
			"display_name": "Title",
			"uid": "title",
			"field_metadata": {
				"description": "",
				"default_value": ""
			},
			"format": "",
			"error_messages": {
				"format": ""
			},
			"multiple": false,
			"mandatory": false,
			"unique": false
		}, {
			"data_type": "text",
			"display_name": "Address",
			"uid": "address",
			"field_metadata": {
				"description": "",
				"default_value": "",
				"multiline": true
			},
			"format": "",
			"error_messages": {
				"format": ""
			},
			"multiple": false,
			"mandatory": false,
			"unique": false
		}],
		"uid": "location",
		"multiple": false,
		"mandatory": false,
		"unique": false
	}, {
		"data_type": "group",
		"display_name": "Social",
		"field_metadata": {},
		"schema": [{
			"data_type": "text",
			"display_name": "Title",
			"uid": "title",
			"field_metadata": {
				"description": "",
				"default_value": ""
			},
			"format": "",
			"error_messages": {
				"format": ""
			},
			"multiple": false,
			"mandatory": false,
			"unique": false
		}, {
			"data_type": "group",
			"display_name": "Social Links",
			"field_metadata": {},
			"schema": [{
				"data_type": "text",
				"display_name": "Title",
				"uid": "title",
				"field_metadata": {
					"description": "",
					"default_value": "",
					"isTitle": true
				},
				"format": "",
				"error_messages": {
					"format": ""
				},
				"multiple": false,
				"mandatory": false,
				"unique": false
			}, {
				"data_type": "text",
				"display_name": "URL",
				"uid": "url",
				"field_metadata": {
					"description": "",
					"default_value": ""
				},
				"format": "",
				"error_messages": {
					"format": ""
				},
				"multiple": false,
				"mandatory": false,
				"unique": false
			}, {
				"data_type": "text",
				"display_name": "Fontawesome Class",
				"uid": "fontawesome_class",
				"field_metadata": {
					"description": "",
					"default_value": ""
				},
				"format": "",
				"error_messages": {
					"format": ""
				},
				"multiple": false,
				"mandatory": false,
				"unique": false
			}],
			"uid": "social_links",
			"multiple": true,
			"mandatory": false,
			"unique": false
		}],
		"uid": "social",
		"multiple": false,
		"mandatory": false,
		"unique": false
	}, {
		"data_type": "group",
		"display_name": "Freelancer",
		"field_metadata": {},
		"schema": [{
			"data_type": "text",
			"display_name": "Title",
			"uid": "title",
			"field_metadata": {
				"description": "",
				"default_value": ""
			},
			"format": "",
			"error_messages": {
				"format": ""
			},
			"multiple": false,
			"mandatory": false,
			"unique": false
		}, {
			"data_type": "text",
			"display_name": "Body",
			"uid": "body",
			"field_metadata": {
				"allow_rich_text": true,
				"description": "",
				"multiline": false,
				"rich_text_type": "advanced"
			},
			"multiple": false,
			"mandatory": false,
			"unique": false
		}],
		"uid": "freelancer",
		"multiple": false,
		"mandatory": false,
		"unique": false
	}, {
		"data_type": "text",
		"display_name": "Copyright",
		"uid": "copyright",
		"field_metadata": {
			"description": "",
			"default_value": "",
			"multiline": true
		},
		"format": "",
		"error_messages": {
			"format": ""
		},
		"multiple": false,
		"mandatory": false,
		"unique": false
	}],
	"maintain_revisions": true,
	"description": "",
	"options": {
		"is_page": false,
		"singleton": true,
		"title": "title",
		"sub_title": []
	},
	"abilities": {
		"get_one_object": true,
		"get_all_objects": true,
		"create_object": true,
		"update_object": true,
		"delete_object": true,
		"delete_all_objects": true
	},
	"DEFAULT_ACL": {
		"others": {
			"read": false,
			"create": false
		}
	}
}