{"bltbd273b3373df2af1":{"title":"Start Bootstrap","menu":[{"title":"Portfolio","hash_link":"portfolio"},{"title":"About","hash_link":"about"},{"title":"Contact","hash_link":"contact"}],"tags":[],"locale":"en-us","uid":"bltbd273b3373df2af1","created_by":"blt0db8e08223d18c81","updated_by":"blt0db8e08223d18c81","created_at":"2019-09-06T06:09:31.186Z","updated_at":"2019-09-06T09:21:30.335Z","ACL":{},"_version":2,"_in_progress":false,"publish_details":[{"environment":"blt3956f3c06bf32b81","locale":"en-us","time":"2019-09-06T09:21:32.729Z","user":"blt0db8e08223d18c81","version":2}]}}