{"created_at":"2020-06-11T07:24:18.259Z","updated_at":"2020-06-11T07:24:18.259Z","title":"Header","uid":"header","_version":1,"inbuilt_class":false,"schema":[{"display_name":"Title","uid":"title","data_type":"text","mandatory":true,"unique":true,"field_metadata":{"_default":true,"version":3},"multiple":false,"non_localizable":false},{"data_type":"group","display_name":"Menu","field_metadata":{},"schema":[{"data_type":"text","display_name":"Title","uid":"title","field_metadata":{"description":"","default_value":"","isTitle":true,"version":3},"format":"","error_messages":{"format":""},"multiple":false,"mandatory":false,"unique":false,"non_localizable":false},{"data_type":"text","display_name":"Hash Link","uid":"hash_link","field_metadata":{"description":"","default_value":"","version":3},"format":"","error_messages":{"format":""},"multiple":false,"mandatory":false,"unique":false,"non_localizable":false}],"uid":"menu","multiple":true,"mandatory":false,"unique":false,"non_localizable":false}],"last_activity":{},"maintain_revisions":true,"description":"","DEFAULT_ACL":{"others":{"read":false,"create":false},"management_token":{"read":true}},"SYS_ACL":{"roles":[]},"options":{"is_page":false,"singleton":true,"title":"title","sub_title":[]},"abilities":{"get_one_object":true,"get_all_objects":true,"create_object":true,"update_object":true,"delete_object":true,"delete_all_objects":true}}