{"created_at":"2020-06-11T07:24:34.988Z","updated_at":"2020-07-06T07:54:53.319Z","title":"Home","uid":"home","_version":4,"inbuilt_class":false,"schema":[{"display_name":"Title","uid":"title","data_type":"text","mandatory":true,"unique":true,"field_metadata":{"_default":true,"version":3},"multiple":false,"non_localizable":false},{"display_name":"URL","uid":"url","data_type":"text","mandatory":true,"field_metadata":{"_default":true,"version":3},"multiple":false,"unique":false,"non_localizable":false},{"data_type":"reference","display_name":"Header","reference_to":["header"],"field_metadata":{"ref_multiple":false,"ref_multiple_content_types":true},"uid":"header","multiple":false,"mandatory":true,"unique":false,"non_localizable":false},{"data_type":"group","display_name":"Banner","field_metadata":{},"schema":[{"data_type":"text","display_name":"Title","uid":"title","field_metadata":{"description":"","default_value":"","version":3},"format":"","error_messages":{"format":""},"multiple":false,"mandatory":false,"unique":false,"non_localizable":false},{"data_type":"text","display_name":"Description","uid":"description","field_metadata":{"description":"","default_value":"","multiline":true,"version":3},"format":"","error_messages":{"format":""},"multiple":false,"mandatory":false,"unique":false,"non_localizable":false},{"data_type":"file","display_name":"Image","uid":"image","extensions":[],"field_metadata":{"description":"","rich_text_type":"standard"},"multiple":false,"mandatory":false,"unique":false,"non_localizable":false}],"uid":"banner","multiple":false,"mandatory":false,"unique":false,"non_localizable":false},{"data_type":"group","display_name":"PORTFOLIO","field_metadata":{},"schema":[{"data_type":"text","display_name":"Title","uid":"title","field_metadata":{"description":"","default_value":"","version":3},"format":"","error_messages":{"format":""},"multiple":false,"mandatory":false,"unique":false,"non_localizable":false},{"data_type":"group","display_name":"Portfolo Details","field_metadata":{},"schema":[{"data_type":"text","display_name":"Title","uid":"title","field_metadata":{"description":"","default_value":"","isTitle":true,"version":3},"format":"","error_messages":{"format":""},"multiple":false,"mandatory":false,"unique":false,"non_localizable":false},{"data_type":"text","display_name":"Hash Link","uid":"hash_link","field_metadata":{"description":"","default_value":"","version":3},"format":"","error_messages":{"format":""},"multiple":false,"mandatory":false,"unique":false,"non_localizable":false},{"data_type":"text","display_name":"Description","uid":"description","field_metadata":{"allow_rich_text":true,"description":"","multiline":false,"rich_text_type":"advanced","version":3},"multiple":false,"mandatory":false,"unique":false,"non_localizable":false},{"data_type":"file","display_name":"Image","uid":"image","extensions":[],"field_metadata":{"description":"","rich_text_type":"standard"},"multiple":false,"mandatory":false,"unique":false,"non_localizable":false},{"data_type":"text","display_name":"Client","uid":"client","field_metadata":{"description":"","default_value":"","version":3},"format":"","error_messages":{"format":""},"multiple":false,"mandatory":false,"unique":false,"non_localizable":false},{"data_type":"text","display_name":"Client Link","uid":"client_link","field_metadata":{"description":"","default_value":"","version":3},"format":"","error_messages":{"format":""},"multiple":false,"mandatory":false,"unique":false,"non_localizable":false},{"data_type":"text","display_name":"Service","uid":"service","field_metadata":{"description":"","default_value":"","version":3},"format":"","error_messages":{"format":""},"multiple":false,"mandatory":false,"unique":false,"non_localizable":false},{"data_type":"text","display_name":"Service Link","uid":"service_link","field_metadata":{"description":"","default_value":"","version":3},"format":"","error_messages":{"format":""},"multiple":false,"mandatory":false,"unique":false,"non_localizable":false},{"data_type":"text","display_name":"Date","uid":"date","field_metadata":{"description":"","default_value":"","version":3},"format":"","error_messages":{"format":""},"multiple":false,"mandatory":false,"unique":false,"non_localizable":false},{"data_type":"text","display_name":"Date Link","uid":"date_link","field_metadata":{"description":"","default_value":"","version":3},"format":"","error_messages":{"format":""},"multiple":false,"mandatory":false,"unique":false,"non_localizable":false}],"uid":"portfolo_details","multiple":true,"mandatory":false,"unique":false,"non_localizable":false}],"uid":"portfolio","multiple":false,"mandatory":false,"unique":false,"non_localizable":false},{"data_type":"text","display_name":"Select","display_type":"dropdown","enum":{"advanced":false,"choices":[{"value":"A-Z"},{"value":"Z-A"}]},"multiple":true,"uid":"select","field_metadata":{"description":"","default_value":"","version":3},"mandatory":false,"unique":false,"non_localizable":false},{"data_type":"group","display_name":"About","field_metadata":{},"schema":[{"data_type":"text","display_name":"Title","uid":"title","field_metadata":{"description":"","default_value":"","version":3},"format":"","error_messages":{"format":""},"multiple":false,"mandatory":false,"unique":false,"non_localizable":false},{"data_type":"text","display_name":"Left Description","uid":"left_description","field_metadata":{"description":"","default_value":"","multiline":true,"version":3},"format":"","error_messages":{"format":""},"multiple":false,"mandatory":false,"unique":false,"non_localizable":false},{"data_type":"text","display_name":"Right Description","uid":"right_description","field_metadata":{"description":"","default_value":"","multiline":true,"version":3},"format":"","error_messages":{"format":""},"multiple":false,"mandatory":false,"unique":false,"non_localizable":false}],"uid":"about","multiple":false,"mandatory":false,"unique":false,"non_localizable":false},{"data_type":"group","display_name":"Contact","field_metadata":{},"schema":[{"data_type":"text","display_name":"Title","uid":"title","field_metadata":{"description":"","default_value":"","version":3},"format":"","error_messages":{"format":""},"multiple":false,"mandatory":false,"unique":false,"non_localizable":false},{"data_type":"text","display_name":"Address","uid":"address","field_metadata":{"description":"","default_value":"","multiline":true,"version":3},"format":"","error_messages":{"format":""},"multiple":false,"mandatory":false,"unique":false,"non_localizable":false},{"data_type":"number","display_name":"Phone Number","uid":"phone_number","field_metadata":{"description":"","default_value":""},"multiple":false,"mandatory":false,"unique":false,"non_localizable":false},{"data_type":"text","display_name":"Email","uid":"email","field_metadata":{"description":"","default_value":"","version":3},"format":"","error_messages":{"format":""},"multiple":false,"mandatory":false,"unique":false,"non_localizable":false}],"uid":"contact","multiple":false,"mandatory":false,"unique":false,"non_localizable":false},{"data_type":"reference","display_name":"Footer","reference_to":["footer"],"field_metadata":{"ref_multiple":false,"ref_multiple_content_types":true},"uid":"footer","multiple":false,"mandatory":true,"unique":false,"non_localizable":false}],"last_activity":{},"maintain_revisions":true,"description":"","DEFAULT_ACL":[{"k":"others","v":{"read":false,"create":false}},{"k":"users.bltfa5c81cab70ce8f8","v":{"read":true,"sub_acl":{"read":true}}}],"SYS_ACL":{"roles":[]},"options":{"is_page":true,"singleton":true,"title":"title","sub_title":[]},"abilities":{"get_one_object":true,"get_all_objects":true,"create_object":true,"update_object":true,"delete_object":true,"delete_all_objects":true}}