{"_version":4,"locale":"en-us","uid":"bltf6303c7c93731448","_in_progress":false,"copyright":"Copyright © Built.io 2017","created_at":"2020-06-30T11:52:15.545Z","created_by":"bltf01cfddcefa2394d","freelancer":{"body":"<p>Freelance is a free to use, open source Bootstrap theme created by <a href=\"\\&quot;https://startbootstrap.com/\\&quot;\">Start Bootstrap</a>.</p>","title":"ABOUT FREELANCER"},"location":{"address":"319, Chandansar Road Chandansar, Chandansar, Virar, Maharashtra 401305","title":"LOCATION"},"social":{"social_links":[{"title":"Facebook","url":"#","fontawesome_class":"fa fa-facebook"},{"title":"Google Plus","url":"#","fontawesome_class":"fa fa-google-plus"},{"title":"Twitter","url":"#","fontawesome_class":"fa fa-twitter"},{"title":"Linked In","url":"#","fontawesome_class":"fa fa-linkedin"},{"title":"Dribble","url":"#","fontawesome_class":"fa fa-dribbble"}],"title":"AROUND THE WEB"},"tags":[],"title":"Footer","updated_at":"2020-06-30T14:09:48.638Z","updated_by":"bltf01cfddcefa2394d"}