{"_version":2,"locale":"en-us","uid":"blt2fbdb4f2f324d8cb","_in_progress":false,"about":{"title":"ABOUT","left_description":"Freelancer is a free bootstrap theme created by Start Bootstrap. OneThe download includes the complete source files including HTML, CSS, and JavaScript as well as optional LESS stylesheets for easy customization.","right_description":"Whether you're a student looking to showcase your work, a professional looking to attract clients, or a graphic artist looking to share your projects, this template is the perfect starting point!"},"banner":{"title":"START BOOTSTRAP","description":"Web Developer - Graphic Artist - User Experience Designer","image":{"uid":"blt51b286d953ea2d34","created_at":"2020-06-30T11:47:44.541Z","updated_at":"2020-06-30T11:47:44.541Z","created_by":"bltf01cfddcefa2394d","updated_by":"bltf01cfddcefa2394d","content_type":"image/png","file_size":"10247","tags":[],"filename":"profile.png","url":"https://images.contentstack.io/v3/assets/blt398b654a8f2799a0/blt51b286d953ea2d34/5efb2660e9f7b64f3a056f12/profile.png","ACL":[],"is_dir":false,"parent_uid":null,"_version":1,"title":"profile.png"}},"contact":{"title":"CONTACT ME","address":"8th Floor, New Viva College, New, Viva College Rd, opposite DMart, Vartak Ward, Virar West,  401303","phone_number":2506455396,"email":"contact@raweng.com"},"created_at":"2020-06-30T14:21:07.912Z","created_by":"bltf01cfddcefa2394d","footer":[{"uid":"bltf6303c7c93731448","_content_type_uid":"footer"}],"header":[{"uid":"blt6f708689a93f26d8","_content_type_uid":"header"}],"portfolio":{"title":"PORTFOLIO","portfolo_details":[{"title":"PROJECT TITLE 1","hash_link":"portfolioModal1","description":"<p>Use this area of the page to describe your project. The icon above is part of a free icon set by <a href=\"https://app.contentstack.com/%22https://sellfy.com/p/8Q9P//%22\" target=\"\\&quot;_blank\\&quot;\">Flat Icons</a>. On their website, you can download their free set with 16 icons, or you can purchase the entire set with 146 icons for only $12!</p>","image":{"uid":"bltc43654e82ad91ab0","created_at":"2020-06-30T11:47:44.562Z","updated_at":"2020-06-30T11:47:44.562Z","created_by":"bltf01cfddcefa2394d","updated_by":"bltf01cfddcefa2394d","content_type":"image/png","file_size":"36477","tags":[],"filename":"cabin.png","url":"https://images.contentstack.io/v3/assets/blt398b654a8f2799a0/bltc43654e82ad91ab0/5efb2660a70f3113ff9e2911/cabin.png","ACL":[],"is_dir":false,"parent_uid":null,"_version":1,"title":"cabin.png"},"client":"Start Bootstrap","client_link":"http://startbootstrap.com","service":"Web Development","service_link":"http://startbootstrap.com","date":"April 2014","date_link":"http://startbootstrap.com"},{"title":"PROJECT TITLE 2","hash_link":"portfolioModal2","description":"<p>Use this area of the page to describe your project. The icon above is part of a free icon set by <a href=\"https://app.contentstack.com/%22https://sellfy.com/p/8Q9P//%22\" target=\"\\&quot;_blank\\&quot;\">Flat Icons</a>. On their website, you can download their free set with 16 icons, or you can purchase the entire set with 146 icons for only $12!</p>","image":{"uid":"blte3d5d07c0e7d16b0","created_at":"2020-06-30T11:47:43.620Z","updated_at":"2020-06-30T11:47:43.620Z","created_by":"bltf01cfddcefa2394d","updated_by":"bltf01cfddcefa2394d","content_type":"image/png","file_size":"9117","tags":[],"filename":"cake.png","url":"https://images.contentstack.io/v3/assets/blt398b654a8f2799a0/blte3d5d07c0e7d16b0/5efb265fc1ab3c6d52dbb208/cake.png","ACL":[],"is_dir":false,"parent_uid":null,"_version":1,"title":"cake.png"},"client":"Start Bootstrap","client_link":"http://startbootstrap.com","service":"Web Development","service_link":"http://startbootstrap.com","date":"April 2014","date_link":"http://startbootstrap.com"},{"title":"PROJECT TITLE 3","hash_link":"portfolioModal3","description":"<p>Use this area of the page to describe your project. The icon above is part of a free icon set by <a href=\"https://app.contentstack.com/%22https://sellfy.com/p/8Q9P//%22\" target=\"\\&quot;_blank\\&quot;\">Flat Icons</a>. On their website, you can download their free set with 16 icons, or you can purchase the entire set with 146 icons for only $12!</p>","image":{"uid":"bltfdff1a1db05a617f","created_at":"2020-06-30T11:47:44.188Z","updated_at":"2020-06-30T11:47:44.188Z","created_by":"bltf01cfddcefa2394d","updated_by":"bltf01cfddcefa2394d","content_type":"image/png","file_size":"27947","tags":[],"filename":"circus.png","url":"https://images.contentstack.io/v3/assets/blt398b654a8f2799a0/bltfdff1a1db05a617f/5efb26608732f51d851462eb/circus.png","ACL":[],"is_dir":false,"parent_uid":null,"_version":1,"title":"circus.png"},"client":"Start Bootstrap","client_link":"http://startbootstrap.com","service":"Web Development","service_link":"http://startbootstrap.com","date":"April 2014","date_link":"http://startbootstrap.com"},{"title":"PROJECT TITLE 4","hash_link":"portfolioModal4","description":"<p>Use this area of the page to describe your project. The icon above is part of a free icon set by <a href=\"https://app.contentstack.com/%22https://sellfy.com/p/8Q9P//%22\" target=\"\\&quot;_blank\\&quot;\">Flat Icons</a>. On their website, you can download their free set with 16 icons, or you can purchase the entire set with 146 icons for only $12!</p>","image":{"uid":"blta7ed84fb4786c6c3","created_at":"2020-06-30T11:47:44.192Z","updated_at":"2020-06-30T11:47:44.192Z","created_by":"bltf01cfddcefa2394d","updated_by":"bltf01cfddcefa2394d","content_type":"image/png","file_size":"25859","tags":[],"filename":"game.png","url":"https://images.contentstack.io/v3/assets/blt398b654a8f2799a0/blta7ed84fb4786c6c3/5efb2660d2acc46e318f046b/game.png","ACL":[],"is_dir":false,"parent_uid":null,"_version":1,"title":"game.png"},"client":"Start Bootstrap","client_link":"http://startbootstrap.com","service":"Web Development","service_link":"http://startbootstrap.com","date":"April 2014","date_link":"http://startbootstrap.com"},{"title":"PROJECT TITLE 5","hash_link":"portfolioModal5","description":"<p>Use this area of the page to describe your project. The icon above is part of a free icon set by <a href=\"https://app.contentstack.com/%22https://sellfy.com/p/8Q9P//%22\" target=\"\\&quot;_blank\\&quot;\">Flat Icons</a>. On their website, you can download their free set with 16 icons, or you can purchase the entire set with 146 icons for only $12!</p>","image":{"uid":"blta71debddc7ac0261","created_at":"2020-06-30T11:47:44.548Z","updated_at":"2020-06-30T11:47:44.548Z","created_by":"bltf01cfddcefa2394d","updated_by":"bltf01cfddcefa2394d","content_type":"image/png","file_size":"12058","tags":[],"filename":"safe.png","url":"https://images.contentstack.io/v3/assets/blt398b654a8f2799a0/blta71debddc7ac0261/5efb266035021d1335fbac73/safe.png","ACL":[],"is_dir":false,"parent_uid":null,"_version":1,"title":"safe.png"},"client":"Start Bootstrap","client_link":"http://startbootstrap.com","service":"Web Development","service_link":"http://startbootstrap.com","date":"April 2014","date_link":"http://startbootstrap.com"},{"title":"PROJECT TITLE 6","hash_link":"portfolioModal6","description":"<p>Use this area of the page to describe your project. The icon above is part of a free icon set by <a href=\"https://app.contentstack.com/%22https://sellfy.com/p/8Q9P//%22\" target=\"\\&quot;_blank\\&quot;\">Flat Icons</a>. On their website, you can download their free set with 16 icons, or you can purchase the entire set with 146 icons for only $12!</p>","image":{"uid":"blt87889ff836f72e82","created_at":"2020-06-30T11:47:44.551Z","updated_at":"2020-06-30T11:47:44.551Z","created_by":"bltf01cfddcefa2394d","updated_by":"bltf01cfddcefa2394d","content_type":"image/png","file_size":"24293","tags":[],"filename":"submarine.png","url":"https://images.contentstack.io/v3/assets/blt398b654a8f2799a0/blt87889ff836f72e82/5efb2660254cfa2a52720498/submarine.png","ACL":[],"is_dir":false,"parent_uid":null,"_version":1,"title":"submarine.png"},"client":"Start Bootstrap","client_link":"http://startbootstrap.com","service":"Web Development","service_link":"http://startbootstrap.com","date":"April 2014","date_link":"http://startbootstrap.com"}]},"select":["A-Z","Z-A"],"tags":[],"title":"Freelancer - Start Bootstrap Theme","updated_at":"2020-07-06T07:55:09.823Z","updated_by":"bltf01cfddcefa2394d","url":"/"}