{"created_at":"2019-08-21T10:14:48.358Z","updated_at":"2020-02-05T10:37:32.130Z","uid":"bltf44d7a0114425407","name":"Vue.js-NuxtJS example application","description":"Github Repo: https://github.com/contentstack/contentstack-nuxtjs-vue-universal-demo","org_uid":"blt90f399a6ce838a5a","api_key":"blt00d4a884f845b5b2","master_locale":"en-us","is_asset_download_public":true,"owner_uid":"blt3167f0a16386ed8e","user_uids":["blt3167f0a16386ed8e","blt0db8e08223d18c81","bltcd82b2c6bf913241"],"settings":{"version":"2019-04-30","rte_version":3,"webhook_enabled":false,"language_fallback":false},"SYS_ACL":{"others":{"invite":false,"sub_acl":{"create":false,"read":false,"update":false,"delete":false}},"roles":[{"uid":"blt113034b3af2e65d7","name":"Developer","invite":true,"sub_acl":{"create":true,"read":true,"update":true,"delete":true}},{"uid":"blte91198440e9e77ac","name":"Admin","invite":true,"sub_acl":{"create":true,"read":true,"update":true,"delete":true}}]},"global_search":true}