{"bltbf1b386352a40dd4":{"title":"Footer","location":{"title":"LOCATION","address":"319, Chandansar Road Chandansar, Chandansar, Virar, Maharashtra 401305"},"social":{"title":"AROUND THE WEB","social_links":[{"title":"Facebook","url":"#","fontawesome_class":"fa fa-facebook"},{"title":"Google Plus","url":"#","fontawesome_class":"fa fa-google-plus"},{"title":"Twitter","url":"#","fontawesome_class":"fa fa-twitter"},{"title":"Linked In","url":"#","fontawesome_class":"fa fa-linkedin"},{"title":"Dribble","url":"#","fontawesome_class":"fa fa-dribbble"}]},"freelancer":{"title":"ABOUT FREELANCER","body":"<p>Freelance is a free to use, open source Bootstrap theme created by <a href=\"https://startbootstrap.com/\">Start Bootstrap</a>.</p>"},"copyright":"Copyright © Built.io 2017","tags":[],"locale":"en-us","uid":"bltbf1b386352a40dd4","created_by":"blt0db8e08223d18c81","updated_by":"blt0db8e08223d18c81","created_at":"2019-09-06T06:14:06.427Z","updated_at":"2019-09-06T06:44:05.914Z","ACL":{},"_version":2,"_in_progress":false,"publish_details":[{"environment":"blt3956f3c06bf32b81","locale":"en-us","time":"2019-09-06T06:44:08.985Z","user":"blt0db8e08223d18c81","version":2}]}}