{"title":"Blog List","url":"/blog-list","hero_banner":[{"banner_title_only":{"title":"Blog posts","image":{"uid":"blte7a1c2dcc7af951e","created_at":"2020-06-30T14:33:45.920Z","updated_at":"2020-06-30T14:33:45.920Z","created_by":"bltf01cfddcefa2394d","updated_by":"bltf01cfddcefa2394d","content_type":"image/jpeg","file_size":"6364894","tags":[],"filename":"Blog_banner.jpg","url":"https://images.contentstack.io/v3/assets/blt398b654a8f2799a0/blte7a1c2dcc7af951e/5efb4d49c1c3440e1d54d045/Blog_banner.jpg","ACL":[],"is_dir":false,"parent_uid":null,"_version":1,"title":"Blog_banner.jpg"}}}],"modular_blocks":[{"blog_list":{"blog_image":{"uid":"blta7034e1df41c9d88","created_at":"2020-06-30T14:28:34.461Z","updated_at":"2020-06-30T14:28:34.461Z","created_by":"bltf01cfddcefa2394d","updated_by":"bltf01cfddcefa2394d","content_type":"image/jpeg","file_size":"651231","tags":[],"filename":"travel_blog.jpg","url":"https://images.contentstack.io/v3/assets/blt398b654a8f2799a0/blta7034e1df41c9d88/5efb4c127c60ca0efa468c46/travel_blog.jpg","ACL":[],"is_dir":false,"parent_uid":null,"_version":1,"title":"travel_blog.jpg"},"blog_details":"<h4 class=\"card-title\">Travel Blog</h4>\n<p class=\"card-author\"><strong class=\"card-strong\">Author</strong>: David</p>\n<p class=\"card-text\"><strong class=\"card-strong\">Summery</strong>: Lorem ipsum dolor sit amet, consectetur adipiscing elit, sed do eiusmod tempor incididunt ut labore et dolore magna aliqua. Neque sodales ut etiam sit. Vestibulum sed arcu non odio euismod lacinia at</p>","cta":{"title":"Visit Blog","href":"/travel-blog"}}},{"blog_list":{"blog_image":{"uid":"blt4ae4806e287e42bf","created_at":"2020-06-30T14:28:34.631Z","updated_at":"2020-06-30T14:28:34.631Z","created_by":"bltf01cfddcefa2394d","updated_by":"bltf01cfddcefa2394d","content_type":"image/jpeg","file_size":"705859","tags":[],"filename":"food_blog.jpg","url":"https://images.contentstack.io/v3/assets/blt398b654a8f2799a0/blt4ae4806e287e42bf/5efb4c1294f5836a3f8eed7b/food_blog.jpg","ACL":[],"is_dir":false,"parent_uid":null,"_version":1,"title":"food_blog.jpg"},"blog_details":"<h4 class=\"card-title\">Food Blog</h4>\n<p class=\"card-author\"><strong class=\"card-strong\">Author</strong>: William</p>\n<p class=\"card-text\"><strong class=\"card-strong\">Summery</strong>: Lorem ipsum dolor sit amet, consectetur adipiscing elit, sed do eiusmod tempor incididunt ut labore et dolore magna aliqua. Neque sodales ut etiam sit. Vestibulum sed arcu non odio euismod lacinia at</p>","cta":{"title":"Visit Blog","href":"/food-blog"}}},{"blog_list":{"blog_image":{"uid":"bltc5ea4f090d228221","created_at":"2020-06-30T14:28:32.693Z","updated_at":"2020-06-30T14:28:32.693Z","created_by":"bltf01cfddcefa2394d","updated_by":"bltf01cfddcefa2394d","content_type":"image/jpeg","file_size":"1004969","tags":[],"filename":"technology.jpg","url":"https://images.contentstack.io/v3/assets/blt398b654a8f2799a0/bltc5ea4f090d228221/5efb4c108abe520ee4c82966/technology.jpg","ACL":[],"is_dir":false,"parent_uid":null,"_version":1,"title":"technology.jpg"},"blog_details":"<h4 class=\"card-title\">Science and Technology Blog</h4>\n<p class=\"card-author\"><strong class=\"card-strong\">Author</strong>: Lucas</p>\n<p class=\"card-text\"><strong class=\"card-strong\">Summery</strong>: Lorem ipsum dolor sit amet, consectetur adipiscing elit, sed do eiusmod tempor incididunt ut labore et dolore magna aliqua. Neque sodales ut etiam sit. Vestibulum sed arcu non odio euismod lacinia at</p>","cta":{"title":"Visit Blog","href":"/science-and-technology-blog"}}},{"blog_list":{"blog_image":{"uid":"blt86a91b37254f532e","created_at":"2020-06-30T14:37:57.293Z","updated_at":"2020-06-30T14:37:57.293Z","created_by":"bltf01cfddcefa2394d","updated_by":"bltf01cfddcefa2394d","content_type":"image/jpeg","file_size":"1792118","tags":[],"filename":"sports.jpg","url":"https://images.contentstack.io/v3/assets/blt398b654a8f2799a0/blt86a91b37254f532e/5efb4e458abe520ee4c8296a/sports.jpg","ACL":[],"is_dir":false,"parent_uid":null,"_version":1,"title":"sports.jpg"},"blog_details":"<h4 class=\"card-title\">Sports Blog</h4>\n<p class=\"card-author\"><strong class=\"card-strong\">Author</strong>: Logan</p>\n<p class=\"card-text\"><strong class=\"card-strong\">Summery</strong>: Lorem ipsum dolor sit amet, consectetur adipiscing elit, sed do eiusmod tempor incididunt ut labore et dolore magna aliqua. Neque sodales ut etiam sit. Vestibulum sed arcu non odio euismod lacinia at</p>","cta":{"title":"Visit Blog","href":"/sports-blog"}}},{"blog_list":{"blog_image":{"uid":"blt1227227b1efed9f3","created_at":"2020-06-30T14:39:33.015Z","updated_at":"2020-06-30T14:39:33.015Z","created_by":"bltf01cfddcefa2394d","updated_by":"bltf01cfddcefa2394d","content_type":"image/jpeg","file_size":"4821965","tags":[],"filename":"gaming.jpg","url":"https://images.contentstack.io/v3/assets/blt398b654a8f2799a0/blt1227227b1efed9f3/5efb4ea58abe520ee4c8296e/gaming.jpg","ACL":[],"is_dir":false,"parent_uid":null,"_version":1,"title":"gaming.jpg"},"blog_details":"<h4 class=\"card-title\">Gaming Blog</h4>\n<p class=\"card-author\"><strong class=\"card-strong\">Author</strong>: Ethan</p>\n<p class=\"card-text\"><strong class=\"card-strong\">Summery</strong>: Lorem ipsum dolor sit amet, consectetur adipiscing elit, sed do eiusmod tempor incididunt ut labore et dolore magna aliqua. Neque sodales ut etiam sit. Vestibulum sed arcu non odio euismod lacinia at</p>","cta":{"title":"Visit Blog","href":"/gaming-blog"}}},{"blog_list":{"blog_image":{"uid":"blt4f162e829e5b85e4","created_at":"2020-06-30T14:39:49.809Z","updated_at":"2020-06-30T14:39:49.809Z","created_by":"bltf01cfddcefa2394d","updated_by":"bltf01cfddcefa2394d","content_type":"image/jpeg","file_size":"381195","tags":[],"filename":"education.jpg","url":"https://images.contentstack.io/v3/assets/blt398b654a8f2799a0/blt4f162e829e5b85e4/5efb4eb57c60ca0efa468c54/education.jpg","ACL":[],"is_dir":false,"parent_uid":null,"_version":1,"title":"education.jpg"},"blog_details":"<h4 class=\"card-title\">Educational Blog</h4>\n<p class=\"card-author\"><strong class=\"card-strong\">Author</strong>: Henry</p>\n<p class=\"card-text\"><strong class=\"card-strong\">Summery</strong>: Lorem ipsum dolor sit amet, consectetur adipiscing elit, sed do eiusmod tempor incididunt ut labore et dolore magna aliqua. Neque sodales ut etiam sit. Vestibulum sed arcu non odio euismod lacinia at</p>","cta":{"title":"Visit Blog","href":"/educational-blog"}}}],"tags":[],"locale":"en-us","uid":"blt6e510dfc73702fcb","created_by":"bltf01cfddcefa2394d","updated_by":"bltf01cfddcefa2394d","created_at":"2020-06-30T14:40:14.368Z","updated_at":"2020-07-06T08:10:38.049Z","_version":5,"_in_progress":false,"footer":[{"uid":"bltf6303c7c93731448","_content_type_uid":"footer"}],"header":[{"uid":"blt6f708689a93f26d8","_content_type_uid":"header"}]}