{"title":"Sports Blog","url":"/sports-blog","hero_banner":[{"banner_title_only":{"title":"Sports","image":{"uid":"blt86a91b37254f532e","created_at":"2020-06-30T14:37:57.293Z","updated_at":"2020-06-30T14:37:57.293Z","created_by":"bltf01cfddcefa2394d","updated_by":"bltf01cfddcefa2394d","content_type":"image/jpeg","file_size":"1792118","tags":[],"filename":"sports.jpg","url":"https://images.contentstack.io/v3/assets/blt398b654a8f2799a0/blt86a91b37254f532e/5efb4e458abe520ee4c8296a/sports.jpg","ACL":[],"is_dir":false,"parent_uid":null,"_version":1,"title":"sports.jpg"}}}],"modular_blocks":[{"blog_post_page":{"blog_post":[{"blog_content":{"blog_post_content":"<p>Lorem ipsum dolor sit amet, consectetur adipiscing elit, sed do eiusmod tempor incididunt ut labore et dolore magna aliqua. Non consectetur a erat nam. Placerat duis ultricies lacus sed turpis tincidunt. Ullamcorper sit amet risus nullam eget felis eget. Congue mauris rhoncus aenean vel elit scelerisque mauris. Ullamcorper sit amet risus nullam eget felis eget nunc. Sed odio morbi quis commodo odio aenean sed adipiscing. Lectus quam id leo in vitae turpis massa sed elementum. Semper risus in hendrerit gravida rutrum quisque non tellus. Tellus orci ac auctor augue mauris augue. Est pellentesque elit ullamcorper dignissim cras. Ultrices mi tempus imperdiet nulla malesuada pellentesque elit eget. Sed turpis tincidunt id aliquet risus feugiat in ante metus. Feugiat sed lectus vestibulum mattis ullamcorper velit sed. Vel fringilla est ullamcorper eget nulla facilisi etiam. Lectus urna duis convallis convallis tellus id interdum velit. Vestibulum sed arcu non odio euismod. Faucibus et molestie ac feugiat sed lectus vestibulum. Massa enim nec dui nunc mattis enim ut. Lectus vestibulum mattis ullamcorper velit sed.</p>\n<p>Purus in mollis nunc sed id semper risus. Aliquam purus sit amet luctus. Nullam eget felis eget nunc lobortis mattis aliquam faucibus purus. Et tortor consequat id porta nibh venenatis. Nunc faucibus a pellentesque sit amet porttitor. Sed odio morbi quis commodo odio aenean. Nibh praesent tristique magna sit amet purus gravida quis blandit. Mauris rhoncus aenean vel elit scelerisque mauris pellentesque pulvinar pellentesque. At auctor urna nunc id. Etiam non quam lacus suspendisse faucibus interdum posuere lorem. Erat nam at lectus urna duis convallis convallis. Sodales ut eu sem integer vitae justo. Pulvinar mattis nunc sed blandit libero volutpat sed cras ornare. Feugiat nibh sed pulvinar proin gravida hendrerit. Quam pellentesque nec nam aliquam sem et tortor consequat. Quisque id diam vel quam elementum. Tellus cras adipiscing enim eu turpis egestas pretium aenean pharetra. Faucibus a pellentesque sit amet porttitor eget dolor morbi. At urna condimentum mattis pellentesque.</p>\n<p>Risus at ultrices mi tempus imperdiet. Malesuada proin libero nunc consequat interdum. Ut eu sem integer vitae justo eget magna fermentum iaculis. Urna et pharetra pharetra massa massa. Nullam vehicula ipsum a arcu cursus vitae congue mauris rhoncus. Nascetur ridiculus mus mauris vitae. Proin nibh nisl condimentum id venenatis a condimentum vitae. Egestas purus viverra accumsan in nisl nisi. Amet purus gravida quis blandit turpis cursus in hac. Nulla facilisi morbi tempus iaculis urna id volutpat. Varius duis at consectetur lorem donec massa sapien. Molestie at elementum eu facilisis. Varius vel pharetra vel turpis. Ornare quam viverra orci sagittis. Ipsum dolor sit amet consectetur adipiscing elit ut aliquam purus. Ut enim blandit volutpat maecenas volutpat blandit. Sodales ut eu sem integer vitae justo eget. Eget nullam non nisi est sit amet facilisis magna. Scelerisque eu ultrices vitae auctor. Adipiscing tristique risus nec feugiat in fermentum posuere urna.</p>\n<p>Commodo viverra maecenas accumsan lacus vel facilisis volutpat est. In est ante in nibh mauris. Nibh sit amet commodo nulla facilisi nullam vehicula. Amet massa vitae tortor condimentum lacinia quis vel. Amet risus nullam eget felis eget nunc. Dictum fusce ut placerat orci nulla pellentesque. Enim nunc faucibus a pellentesque sit amet porttitor eget. Quis vel eros donec ac odio tempor orci dapibus ultrices. Iaculis eu non diam phasellus vestibulum lorem sed. Ac turpis egestas maecenas pharetra convallis. Laoreet suspendisse interdum consectetur libero id faucibus. Nunc mattis enim ut tellus elementum sagittis vitae et. Enim sit amet venenatis urna. Netus et malesuada fames ac.</p>"}},{"blog_quotes":{"quote":"<img class=\"quoteIcon\" src=\"https://images.contentstack.io/v3/assets/blt398b654a8f2799a0/blt7bbfd3349525ca86/5efc595eee48da0f762bc3b8/icons8-quote-left-64.png\" data-image=\"7hgft495rioy\">\n<p>Gold medals aren't really made of gold. They're made of sweat, determination, and a hard-to-find alloy called guts.</p>\n<p><strong>Dan Gable</strong></p>","quote_author":""}},{"blog_content":{"blog_post_content":"<p>Dignissim diam quis enim lobortis. Ultrices neque ornare aenean euismod elementum nisi. Quis lectus nulla at volutpat diam ut venenatis. Pellentesque pulvinar pellentesque habitant morbi tristique senectus et. Turpis in eu mi bibendum neque egestas congue. Dolor sit amet consectetur adipiscing elit ut. Facilisis sed odio morbi quis. Pellentesque dignissim enim sit amet venenatis urna cursus. Congue nisi vitae suscipit tellus mauris a diam maecenas sed. Id nibh tortor id aliquet lectus proin nibh. Consectetur libero id faucibus nisl. Dui faucibus in ornare quam viverra orci. Convallis posuere morbi leo urna molestie. Amet consectetur adipiscing elit pellentesque habitant morbi tristique.</p>\n<p>Nunc eget lorem dolor sed viverra ipsum. Lorem ipsum dolor sit amet consectetur adipiscing. Cursus sit amet dictum sit amet justo donec enim diam. Urna molestie at elementum eu facilisis. Enim facilisis gravida neque convallis a cras semper. Gravida rutrum quisque non tellus orci ac auctor. Sit amet nulla facilisi morbi tempus iaculis. Pretium quam vulputate dignissim suspendisse in est ante in nibh. Pellentesque dignissim enim sit amet venenatis urna cursus eget. Sollicitudin ac orci phasellus egestas tellus.<br></p>\n<p>Quisque id diam vel quam elementum pulvinar etiam non. Nullam eget felis eget nunc. Justo laoreet sit amet cursus. Amet consectetur adipiscing elit ut aliquam purus sit amet luctus. Aliquam faucibus purus in massa tempor nec feugiat nisl. Viverra orci sagittis eu volutpat odio facilisis mauris. Turpis massa tincidunt dui ut ornare. Ipsum dolor sit amet consectetur adipiscing elit ut. Felis eget nunc lobortis mattis aliquam faucibus. Aliquet enim tortor at auctor urna nunc. Varius morbi enim nunc faucibus a. Auctor augue mauris augue neque gravida in. Ut enim blandit volutpat maecenas volutpat. Amet risus nullam eget felis eget nunc lobortis. Et ligula ullamcorper malesuada proin. Facilisi cras fermentum odio eu feugiat pretium nibh ipsum consequat.</p>"}}]}}],"tags":[],"locale":"en-us","uid":"blt27b301aeeef7011c","created_by":"bltf01cfddcefa2394d","updated_by":"bltf01cfddcefa2394d","created_at":"2020-07-01T07:23:35.008Z","updated_at":"2020-07-06T08:12:07.372Z","_version":3,"_in_progress":false,"footer":[{"uid":"bltf6303c7c93731448","_content_type_uid":"footer"}],"header":[{"uid":"blt6f708689a93f26d8","_content_type_uid":"header"}]}