{"locale":"en-us","title":"Freelancer - Start Bootstrap Theme","url":"/","header":[{"uid":"bltbd273b3373df2af1","_content_type_uid":"header"}],"banner":{"title":"START BOOTSTRAP","description":"Web Developer - Graphic Artist - User Experience Designer","image":{"uid":"bltdbe1e3c2277e9e21","created_at":"2019-09-06T07:01:53.759Z","updated_at":"2019-09-06T07:01:53.759Z","created_by":"blt0db8e08223d18c81","updated_by":"blt0db8e08223d18c81","content_type":"image/png","file_size":"10247","tags":[],"filename":"profile.png","url":"https://images.contentstack.io/v3/assets/blt00d4a884f845b5b2/bltdbe1e3c2277e9e21/5d720461c249f709393c257e/profile.png","ACL":[],"is_dir":false,"_version":1,"title":"profile.png"}},"portfolio":{"title":"PORTFOLIO","portfolo_details":[{"title":"PROJECT TITLE","hash_link":"portfolioModal1","description":"<p>Use this area of the page to describe your project. The icon above is part of a free icon set by <a href=\"https://sellfy.com/p/8Q9P/\" target=\"_blank\">Flat Icons</a>. On their website, you can download their free set with 16 icons, or you can purchase the entire set with 146 icons for only $12!</p>","image":{"uid":"bltea0cd656e20ce0b1","created_at":"2019-09-06T07:05:45.129Z","updated_at":"2019-09-06T07:05:45.129Z","created_by":"blt0db8e08223d18c81","updated_by":"blt0db8e08223d18c81","content_type":"image/png","file_size":"36477","tags":[],"filename":"cabin.png","url":"https://images.contentstack.io/v3/assets/blt00d4a884f845b5b2/bltea0cd656e20ce0b1/5d7205499901373e4fb4fb41/cabin.png","ACL":[],"is_dir":false,"_version":1,"title":"cabin.png"},"client":"Start Bootstrap","client_link":"http://startbootstrap.com","service":"Web Development","service_link":"http://startbootstrap.com","date":"April 2014","date_link":"https://startbootstrap.com/"},{"title":"PROJECT TITLE","hash_link":"portfolioModal2","description":"<p>Use this area of the page to describe your project. The icon above is part of a free icon set by Flat Icons. On their website, you can download their free set with 16 icons, or you can purchase the entire set with 146 icons for only $12!</p>","image":{"uid":"bltc544de7cc5490dba","created_at":"2019-09-06T07:06:59.966Z","updated_at":"2019-09-06T07:06:59.966Z","created_by":"blt0db8e08223d18c81","updated_by":"blt0db8e08223d18c81","content_type":"image/png","file_size":"9117","tags":[],"filename":"cake.png","url":"https://images.contentstack.io/v3/assets/blt00d4a884f845b5b2/bltc544de7cc5490dba/5d720593368f3f093e92c3f6/cake.png","ACL":[],"is_dir":false,"_version":1,"title":"cake.png"},"client":"Start Bootstrap","client_link":"http://startbootstrap.com","service":"Web Development","service_link":"http://startbootstrap.com","date":"April 2014","date_link":"http://startbootstrap.com"},{"title":"PROJECT TITLE","hash_link":"portfolioModal3","description":"<p>Use this area of the page to describe your project. The icon above is part of a free icon set by Flat Icons. On their website, you can download their free set with 16 icons, or you can purchase the entire set with 146 icons for only $12!</p>","image":{"uid":"bltdefec179aaa7224b","created_at":"2019-09-06T07:07:51.074Z","updated_at":"2019-09-06T07:07:51.074Z","created_by":"blt0db8e08223d18c81","updated_by":"blt0db8e08223d18c81","content_type":"image/png","file_size":"27947","tags":[],"filename":"circus.png","url":"https://images.contentstack.io/v3/assets/blt00d4a884f845b5b2/bltdefec179aaa7224b/5d7205c7288b0130788333c7/circus.png","ACL":[],"is_dir":false,"_version":1,"title":"circus.png"},"client":"Start Bootstrap","client_link":"http://startbootstrap.com","service":"Web Development","service_link":"http://startbootstrap.com","date":"April 2014","date_link":"http://startbootstrap.com"},{"title":"PROJECT TITLE","hash_link":"portfolioModal4","description":"<p>Use this area of the page to describe your project. The icon above is part of a free icon set by Flat Icons. On their website, you can download their free set with 16 icons, or you can purchase the entire set with 146 icons for only $12!</p>","image":{"uid":"blt9e865af450b8be9c","created_at":"2019-09-06T07:08:29.982Z","updated_at":"2019-09-06T07:08:29.982Z","created_by":"blt0db8e08223d18c81","updated_by":"blt0db8e08223d18c81","content_type":"image/png","file_size":"25859","tags":[],"filename":"game.png","url":"https://images.contentstack.io/v3/assets/blt00d4a884f845b5b2/blt9e865af450b8be9c/5d7205ed9f97273e54145c4d/game.png","ACL":[],"is_dir":false,"_version":1,"title":"game.png"},"client":"Start Bootstrap","client_link":"http://startbootstrap.com","service":"Web Development","service_link":"http://startbootstrap.com","date":"April 2014","date_link":"http://startbootstrap.com"},{"title":"PROJECT TITLE","hash_link":"portfolioModal5","description":"<p>Use this area of the page to describe your project. The icon above is part of a free icon set by Flat Icons. On their website, you can download their free set with 16 icons, or you can purchase the entire set with 146 icons for only $12!</p>","image":{"uid":"blt0fce0fc3ea298221","created_at":"2019-09-06T07:09:27.046Z","updated_at":"2019-09-06T07:09:27.046Z","created_by":"blt0db8e08223d18c81","updated_by":"blt0db8e08223d18c81","content_type":"image/png","file_size":"19240","tags":[],"filename":"safe.png","url":"https://images.contentstack.io/v3/assets/blt00d4a884f845b5b2/blt0fce0fc3ea298221/5d7206279f97273e54145c55/safe.png","ACL":[],"is_dir":false,"_version":1,"title":"safe.png"},"client":"Start Bootstrap","client_link":"http://startbootstrap.com","service":"Web Development","service_link":"http://startbootstrap.com","date":"April 2014","date_link":"http://startbootstrap.com"},{"title":"PROJECT TITLE","hash_link":"portfolioModal6","description":"<p>Use this area of the page to describe your project. The icon above is part of a free icon set by Flat Icons. On their website, you can download their free set with 16 icons, or you can purchase the entire set with 146 icons for only $12!</p>","image":{"uid":"blt7aaccc7c727a2b67","created_at":"2019-09-06T07:10:00.090Z","updated_at":"2019-09-06T07:10:00.090Z","created_by":"blt0db8e08223d18c81","updated_by":"blt0db8e08223d18c81","content_type":"image/png","file_size":"24330","tags":[],"filename":"submarine.png","url":"https://images.contentstack.io/v3/assets/blt00d4a884f845b5b2/blt7aaccc7c727a2b67/5d720648c249f709393c2584/submarine.png","ACL":[],"is_dir":false,"_version":1,"title":"submarine.png"},"client":"Start Bootstrap","client_link":"http://startbootstrap.com","service":"Web Development","service_link":"http://startbootstrap.com","date":"April 2014","date_link":"http://startbootstrap.com"}]},"about":{"title":"ABOUT","left_description":"Freelancer is a free bootstrap theme created by Start Bootstrap. OneThe download includes the complete source files including HTML, CSS, and JavaScript as well as optional LESS stylesheets for easy customization.","right_description":"Whether you're a student looking to showcase your work, a professional looking to attract clients, or a graphic artist looking to share your projects, this template is the perfect starting point!"},"contact":{"title":"CONTACT ME","address":"319, Chandansar Road Chandansar, Chandansar, Virar, Maharashtra 401305","phone_number":2506455396,"email":"contact@raweng.com"},"footer":[{"uid":"bltbf1b386352a40dd4","_content_type_uid":"footer"}],"tags":[],"uid":"blt2da259be24e48444","created_by":"blt0db8e08223d18c81","updated_by":"blt0db8e08223d18c81","created_at":"2019-09-06T07:14:44.052Z","updated_at":"2019-09-10T09:37:13.009Z","_version":8,"_in_progress":false}